"freelist_item","index"
"Superheroes",1
"Hot wheels cars",2
"Dolls",3
"Cars/trucks",4
"Paw Patrol figures",5
"Bluey figures",6
"rocks",7
"My little pony shirts",8
"plastic animals",9
"gems (rhinestones, sticker gems)",10
"dolls",11
"dinosaurs",12
"stuffed animal puppies",13
"cardboard boxes",14
"stuffed animals",15
"crafting supplies",16
"tiger toys",17
"recyclable plastic containers",18
"stickers",19
"Pine cones",20
"Hiking sticks",21
"Colorful leaves",22
"Penguin stickers, toys, photos",23
"Her art projects",24
"Flowers she picks outside",25
"Sticks/seeds/leaves",26
"Stuffed animals",27
"Stones",28
"barbie dolls",29
"gems",30
"hair clips",31
"Rocks",32
"Flowers",33
"Bags",34
"Schleich figurines",35
"LOL Dolls",36
"Stuffed Animals",37
"Garbage trucks",38
"Monster trucks",39
"pokemons on phone game ""pokemon go""",40
"costumes",41
"Paw Patrol stuffed animals",42
"Paw Patrol clothing",43
"Paw Patrol silverware",44
"hot wheels cars",45
"flowers",46
"sticks",47
"Sticks",48
"Plastic gold coins",49
"Shells",50
"Horses/unicorns",51
"Books",52
"Animal toys",53
"Baby dolls",54
"Baby blankets",55
"Dinosaurs",56
"Action Figures",57
"Video Game Characters",58
"Legos",59
"clothes",60
"cards",61
"animals",62
"other toys",63
"Cars",64
"Crayons",65
"Train",66
"Frozen (movie) toys",67
"Small toys",68
"Transformers",69
"feathers",70
"seashells",71
"LOL Surprise Dolls",72
"Barbie Dolls",73
"mini dolls",74
"markers",75
"Transformer toys",76
"super mario race cars",77
"Magnet tiles",78
"Paw Patrol",79
"Animals books",80
"Kids Tools",81
"Rocks/gems",82
"rocks and pebbles",83
"small toys - characters like daniel tiger, toy story, etc.",84
"dinosaur toys",85
"PJ Masks toys",86
"Ryan's World toys",87
"Super Mario Bros legos",88
"Trains",89
"Watches",90
"Barbies",91
"Bracelets",92
"Beanie Boos",93
"Disney Dolls",94
"rainbow loom bracelet",95
"Figurines",96
"Pokemon Cards",97
"Art Supplies",98
"Board Games",99
"Makeup",100
"Jewelry",101
"trains",102
"Disney Cars",103
"Sesame Street",104
"Blues Clues",105
"Hot wheels",106
"Beanie boos",107
"Fidgets",108
"Costumes",109
"Pokemon cards",110
"pokemon in video games",111
"mario legos",112
"Pokémon cards",113
"Pins",114
"Little figurines",115
"Stickers",116
"Squishables (little stuffed animals)",117
"Small stuffed animals",118
"Dinosaur toys",119
"Dinosaur books",120
"fossils",121
"prehistoric animal toys",122
"books about animals",123
"Craft supplies",124
"Coins",125
"Beads/rocks",126
"squishy foam toys",127
"Horse items",128
"Stickers and erasers",129
"Cat related items/cheetah print",130
"Necklaces and jewelry",131
"Bright colored items",132
"Toy Trains",133
"Found Treasures from parks/beaches/etc.",134
"Origami",135
"Lego Building Kits",136
"Leaves",137
"Acorns",138
"Different types of plastic, glass rocks (diamonds)",139
"Hess trucks",140
"Little cars",141
"Thomas trains",142
"toy cars",143
"train tracks",144
"Slime",145
"American girl doll accessories",146
"horse products",147
"Gems",148
"His drawings",149
"Sea shells",150
"tip toi books",151
"Rocks/Gemstones",152
"Animal Figures",153
"Nerf Guns",154
"Bottle Caps",155
"Sports memorabilia - specifically anything to do with football both collegiate and NFL",156
"Video game pets in Roblox",157
"Dog figures",158
"Horses",159
"Beads",160
"Pokémon Cards",161
"Video games",162
"Princess things",163
"Artwork",164
"Trucks",165
"Match box cars",166
"Horse figurines",167
"Godzilla toys",168
"Hats",169
"Balls",170
"Kinder egg toys",171
"LOL dolls",172
"Disney princess dolls (Barbie size)",173
"Seashells",174
"Small figures from her favorite movies and tv shows",175
"owl diaries books",176
"Crystals/gems",177
"books",178
"American Girl Magazines",179
"American Girl Books",180
"Green Candies",181
"Fabric for Sewing projects",182
"Lego",183
"Badges",184
"Hotwheels  cars",185
"Beyblades",186
"Lol dolls",187
"Mario Toys",188
"Stamps",189
"Bandaids",190
"Squishies",191
"Rocks and Flowers",192
"Certificates",193
"Kinetic sand",194
"golf balls",195
"seeds",196
"shells and rocks",197
"legos",198
"quarters",199
"Bags (small bags)",200
"Crayons and markers",201
"Balloons",202
"Golf balls",203
"Yu-gi-oh cards",204
"Bay brades",205
"To go menus",206
"LOLs",207
"Pop its",208
"Dragons",209
"stuffed animals (bunnies)",210
"bracelets",211
"Squishmallows",212
"nuts/seeds",213
"leaves",214
"shells",215
"Stretchy Gujitsu guys",216
"Matchbox cars",217
"stuffies (stuffed animals)",218
"sea shells",219
"walking sticks",220
"candy",221
"fidgets",222
"Nerf guns",223
"Playing cards",224
"Pens",225
"Tools",226
"Stuffed animals (stuffies)",227
"Characters in Blooket (called Blooks)",228
"Animal figurine",229
"Pencils",230
"rocks and geodes",231
"legos builds",232
"State Quarters",233
"Lego Sets, specifically Harry Potter and Super Mario lego",234
"Sports Trading Cards",235
"Rocks, she'll collect from anywhere (just not private property without permission), parks, parking lots, on walks in nature & trips.",236
"Strings, she uses them in independent play by themselves or with other toys.",237
"Rabbits as toys, stuffed toys, stickers, room decor - we have 2 as pets & she genuinely loves them.",238
"Dance costumes that she's performed in. She loves dancing & she wants to save her dance costumes for her own children for when she's older.",239
"Stuffed animals, rabbits (Jellycat are her favorite) but she loves all bunnies, she also has some bears, flamingos, sea creatures, she is delighted with any stuffie.",240
"Absolutely random stuff, no rhyme or reason most days, fast food milk bottle caps, artificial flowers that detached & fell to the ground at stores (only with permission), twist ties from the supermarket, you never know what she'll collect next.",241
"Pens/markers",242
"bugs",243
"plants",244
"Markers",245
"Notebooks",246
"Sketchbooks",247
"Art supplies",248
"fidget toys",249
"bubble popit toys",250
"macaron themed items",251
"stationary",252
"notebooks",253
"room decor items",254
"Journals",255
"Magnets",256
"Flags",257
"NFL stickers",258
"Funco Pops",259
"Rocks and gemstones",260
"anything penguin",261
"live animals",262
"old army and firemen memorabilia",263
"old coins, pennies mostly",264
"pocket knives and multi-tools",265
"Playmobils (toy)",266
"Candles",267
"Roblux",268
"Blankets",269
"Posters",270
"1:6 toy soldiers",271
"Model airplanes",272
"Pusheens",273
"Funko figures",274
"blankets",275
"slime",276
"fuzzy socks",277
"Lego sets",278
"Rubik’s cubes",279
"vision boards",280
"american girl dolls",281
"craft supplies",282
"Fashion Accessories",283
"Pictures",284
"Writing",285
"pokemon cards",286
"erasers",287
"Baseball cards",288
"Football cards",289
"Disney pins",290
"wireless ear buds",291
"erasable pens",292
"Footballs",293
"Power Rangers",294
"Fortnite Skins",295
"Fidget toys",296
